name,price,year,info,sold_90_days,selling_count,link,scrape_time,page_num
新里城尔雅公馆,12558,N/A,西咸新区（西安）  西咸  / 2020-2022年,90天成交20套,364,https://xa.ke.com/xiaoqu/38000000005667/,2026-02-20 12:25:01,1
奥林匹克花园圣西罗,10473,N/A,西咸新区（西安）  西咸  / 2015-2021年,90天成交8套,147,https://xa.ke.com/xiaoqu/3811058679314/,2026-02-20 12:25:01,1
雅居乐锦城,12479,N/A,西咸新区（西安）  阿房路  / 2012-2020年,90天成交12套,109,https://xa.ke.com/xiaoqu/3820025481051411/,2026-02-20 12:25:01,1
佳信花园,8112,N/A,西咸新区（西安）  西咸  / 2008-2016年,90天成交0套,11,https://xa.ke.com/xiaoqu/388258182196531/,2026-02-20 12:25:01,1
建章路石化社区,6356,N/A,西咸新区（西安）  西咸  / 1999-2018年,90天成交1套,19,https://xa.ke.com/xiaoqu/3811058110357/,2026-02-20 12:25:01,1
怡景华庭,10126,N/A,西咸新区（西安）  西咸  / 2012-2021年,90天成交6套,74,https://xa.ke.com/xiaoqu/3820034612859822/,2026-02-20 12:25:01,1
中天诚品,16910,N/A,西咸新区（西安）  西咸  / 2010-2021年,90天成交7套,184,https://xa.ke.com/xiaoqu/388077745599010/,2026-02-20 12:25:01,1
西纺四村小区,6014,N/A,西咸新区（西安）  阿房路  / 1998-2014年,90天成交0套,16,https://xa.ke.com/xiaoqu/3820031117485295/,2026-02-20 12:25:01,1
昆明时光三区,10680,N/A,西咸新区（西安）  阿房路  / 2010-2018年,90天成交5套,54,https://xa.ke.com/xiaoqu/3811058201445/,2026-02-20 12:25:01,1
大秦郡,9833,N/A,西咸新区（西安）  阿房路  / 2013-2020年,90天成交2套,106,https://xa.ke.com/xiaoqu/3811058191904/,2026-02-20 12:25:01,1
凤凰城,9680,N/A,西咸新区（西安）  西咸  / 2008-2020年,90天成交1套,158,https://xa.ke.com/xiaoqu/3811057345595/,2026-02-20 12:25:01,1
中建开元城,12191,N/A,西咸新区（西安）  西咸  / 2012-2019年,90天成交5套,79,https://xa.ke.com/xiaoqu/3811099661437/,2026-02-20 12:25:02,1
梧桐年华,10828,N/A,西咸新区（西安）  阿房路  / 2010-2022年,90天成交15套,61,https://xa.ke.com/xiaoqu/3811100182629/,2026-02-20 12:25:02,1
中建昆明澜庭一期,13778,N/A,西咸新区（西安）  西咸  / 2015-2019年,90天成交1套,83,https://xa.ke.com/xiaoqu/3820055249849473/,2026-02-20 12:25:02,1
西纺3村,6235,N/A,西咸新区（西安）  阿房路  / 2000-2014年,90天成交1套,16,https://xa.ke.com/xiaoqu/3811058122858/,2026-02-20 12:25:02,1
百花四村,6163,N/A,西咸新区（西安）  阿房路  / 1997-2013年,90天成交1套,22,https://xa.ke.com/xiaoqu/3811058607813/,2026-02-20 12:25:02,1
西城馨苑,10104,N/A,西咸新区（西安）  西咸  / 2013-2017年,90天成交1套,39,https://xa.ke.com/xiaoqu/3820023476432614/,2026-02-20 12:25:02,1
长庆和兴园,6239,N/A,西咸新区（西安）  西咸  / 1995-2015年,90天成交2套,89,https://xa.ke.com/xiaoqu/3811058665280/,2026-02-20 12:25:02,1
阳光城西西里,10283,N/A,西咸新区（西安）  西咸  / 2015-2025年,90天成交17套,183,https://xa.ke.com/xiaoqu/3811100185375/,2026-02-20 12:25:02,1
万和郡,6221,N/A,西咸新区（西安）  西咸  / 2015-2025年,90天成交18套,481,https://xa.ke.com/xiaoqu/3820037483591249/,2026-02-20 12:25:02,1
陕一针小区,6016,N/A,西咸新区（西安）  阿房路  / 1983-2019年,90天成交0套,15,https://xa.ke.com/xiaoqu/3820031131119455/,2026-02-20 12:25:02,1
海伦春天,11145,N/A,西咸新区（西安）  阿房路  / 2012-2023年,90天成交10套,173,https://xa.ke.com/xiaoqu/3811063932390/,2026-02-20 12:25:02,1
华润二十四城一期,11413,N/A,西咸新区（西安）  西咸  / 2003-2018年,90天成交14套,91,https://xa.ke.com/xiaoqu/3811099408499/,2026-02-20 12:25:02,1
和平春天,12547,N/A,西咸新区（西安）  阿房路  / 2015年,90天成交13套,50,https://xa.ke.com/xiaoqu/387782025145843/,2026-02-20 12:25:02,1
昆明时光二区,10424,N/A,西咸新区（西安）  阿房路  / 2014-2018年,90天成交5套,45,https://xa.ke.com/xiaoqu/3820065144801332/,2026-02-20 12:25:02,1
保利金香槟,12714,N/A,西咸新区（西安）  西咸  / 2010-2018年,90天成交10套,109,https://xa.ke.com/xiaoqu/3811063570749/,2026-02-20 12:25:02,1
星河湾畅园,16565,N/A,西咸新区（西安）  西咸  / 2015-2017年,90天成交3套,132,https://xa.ke.com/xiaoqu/3811063642023/,2026-02-20 12:25:02,1
嘉欣花园,6922,N/A,西咸新区（西安）  西咸  / 2007-2012年,90天成交0套,13,https://xa.ke.com/xiaoqu/3820031118544548/,2026-02-20 12:25:02,1
车辆厂东花园A区,12378,N/A,西咸新区（西安）  西咸  / 2005-2010年,90天成交0套,1,https://xa.ke.com/xiaoqu/3811058666113/,2026-02-20 12:25:02,1
蓝光公园华府一期,11193,N/A,西咸新区（西安）  西咸  / 2016-2022年,90天成交5套,88,https://xa.ke.com/xiaoqu/3818179507893042/,2026-02-20 12:25:02,1
蓝光公园华府一期,11193,N/A,西咸新区（西安）  西咸  / 2016-2022年,90天成交5套,88,https://xa.ke.com/xiaoqu/3818179507893042/,2026-02-20 12:26:04,2
至乐小区,6616,N/A,西咸新区（西安）  阿房路  / 1995-2011年,90天成交1套,40,https://xa.ke.com/xiaoqu/3811057580671/,2026-02-20 12:26:04,2
搜宝中心,暂无数据,N/A,西咸新区（西安）  阿房路  / 2019年,90天成交0套,1,https://xa.ke.com/xiaoqu/3820021984704027/,2026-02-20 12:26:04,2
中海城屿墅,27555,N/A,西咸新区（西安）  阿房路  / 2016-2019年,90天成交2套,19,https://xa.ke.com/xiaoqu/38000000005943/,2026-02-20 12:26:04,2
昆明时光一区,10700,N/A,西咸新区（西安）  阿房路  / 2012-2015年,90天成交3套,20,https://xa.ke.com/xiaoqu/3820065154245042/,2026-02-20 12:26:04,2
中海昆明路九号,18864,N/A,西咸新区（西安）  阿房路  / 2019年,90天成交10套,82,https://xa.ke.com/xiaoqu/3820020956900015/,2026-02-20 12:26:04,2
新城吾悦广场,13916,N/A,西咸新区（西安）  阿房路  / 2017-2020年,90天成交0套,18,https://xa.ke.com/xiaoqu/3820027056816228/,2026-02-20 12:26:04,2
西安市自来水总公司第三水厂小区,6149,N/A,西咸新区（西安）  阿房路  / 2003年,90天成交1套,1,https://xa.ke.com/xiaoqu/38000000006063/,2026-02-20 12:26:04,2
龙华小区,7275,N/A,西咸新区（西安）  阿房路  / 2000-2012年,90天成交0套,8,https://xa.ke.com/xiaoqu/3811057374546/,2026-02-20 12:26:04,2
启航时代广场,6447,N/A,西咸新区（西安）  西咸  / 2008-2016年,90天成交0套,12,https://xa.ke.com/xiaoqu/3811100188094/,2026-02-20 12:26:04,2
西旅逸都,11627,N/A,西咸新区（西安）  阿房路  / 2017-2022年,90天成交4套,125,https://xa.ke.com/xiaoqu/3811099975261/,2026-02-20 12:26:04,2
德杰国际城,9196,N/A,西咸新区（西安）  西咸  / 2016-2022年,90天成交3套,68,https://xa.ke.com/xiaoqu/387192799358623/,2026-02-20 12:26:04,2
光华小区(未央区),8513,N/A,西咸新区（西安）  阿房路  / 2000-2008年,90天成交0套,7,https://xa.ke.com/xiaoqu/3811058187314/,2026-02-20 12:26:04,2
恒大都市广场,10625,N/A,西咸新区（西安）  西咸  / 2019-2022年,90天成交27套,297,https://xa.ke.com/xiaoqu/3817584720457225/,2026-02-20 12:26:04,2
石家花园,6292,N/A,西咸新区（西安）  阿房路  / 1990-2010年,90天成交0套,12,https://xa.ke.com/xiaoqu/3811060893934/,2026-02-20 12:26:04,2
怡臻花园,9621,N/A,西咸新区（西安）  阿房路  / 2020年,90天成交2套,43,https://xa.ke.com/xiaoqu/3820031116436320/,2026-02-20 12:26:04,2
百花三村,6740,N/A,西咸新区（西安）  阿房路  / 2000-2005年,90天成交1套,3,https://xa.ke.com/xiaoqu/38000000003896/,2026-02-20 12:26:04,2
三桥镇住宅小区,6667,N/A,西咸新区（西安）  西咸  / 2000-2011年,90天成交0套,2,https://xa.ke.com/xiaoqu/3811057388771/,2026-02-20 12:26:04,2
沣景国际,10585,N/A,西咸新区（西安）  西咸  / 2018-2023年,90天成交0套,12,https://xa.ke.com/xiaoqu/3820023036813224/,2026-02-20 12:26:04,2
万福花园,10710,N/A,西咸新区（西安）  西咸  / 2010-2012年,90天成交0套,6,https://xa.ke.com/xiaoqu/3811058104593/,2026-02-20 12:26:04,2
千林学府广场,8095,N/A,西咸新区（西安）  西咸  / 2020-2023年,90天成交0套,32,https://xa.ke.com/xiaoqu/3820032282019433/,2026-02-20 12:26:04,2
北何花园,5883,N/A,西咸新区（西安）  阿房路  / 2000-2008年,90天成交0套,9,https://xa.ke.com/xiaoqu/3811057358699/,2026-02-20 12:26:04,2
君合天玺,11845,N/A,西咸新区（西安）  阿房路  / 2014-2024年,90天成交10套,59,https://xa.ke.com/xiaoqu/3820034824691465/,2026-02-20 12:26:04,2
华宇东原阅境,15242,N/A,西咸新区（西安）  阿房路  / 2021-2022年,90天成交12套,142,https://xa.ke.com/xiaoqu/3820041408350945/,2026-02-20 12:26:04,2
东望冠誉,暂无数据,N/A,西咸新区（西安）  西咸  / 2021年,90天成交1套,14,https://xa.ke.com/xiaoqu/3820034522680087/,2026-02-20 12:26:04,2
五一花园,6309,N/A,西咸新区（西安）  西咸  / 1999-2002年,90天成交0套,18,https://xa.ke.com/xiaoqu/3811057575309/,2026-02-20 12:26:04,2
西纺2村,6793,N/A,西咸新区（西安）  阿房路  / 1953-1999年,90天成交2套,7,https://xa.ke.com/xiaoqu/3811058121302/,2026-02-20 12:26:04,2
朗诗未来街区,13226,N/A,西咸新区（西安）  阿房路  / 2022-2023年,90天成交7套,38,https://xa.ke.com/xiaoqu/3820043350767335/,2026-02-20 12:26:04,2
当代嘉宝公园悦MOMΛ,11249,N/A,西咸新区（西安）  阿房路  / 2021-2023年,90天成交15套,85,https://xa.ke.com/xiaoqu/3820034968330684/,2026-02-20 12:26:04,2
和平璟苑,18669,N/A,西咸新区（西安）  阿房路  / 2025年,90天成交0套,1,https://xa.ke.com/xiaoqu/38000000050407/,2026-02-20 12:26:04,2
石家花园,6292,N/A,西咸新区（西安）  阿房路  / 1990-2010年,90天成交0套,12,https://xa.ke.com/xiaoqu/3811060893934/,2026-02-20 12:26:18,3
怡臻花园,9621,N/A,西咸新区（西安）  阿房路  / 2020年,90天成交2套,43,https://xa.ke.com/xiaoqu/3820031116436320/,2026-02-20 12:26:18,3
湖光山色,26960,N/A,西咸新区（西安）  西咸  / 2018-2024年,90天成交2套,59,https://xa.ke.com/xiaoqu/3820020986260508/,2026-02-20 12:26:18,3
旭辉江山阅,12162,N/A,西咸新区（西安）  西咸  / 2018-2021年,90天成交3套,82,https://xa.ke.com/xiaoqu/3820034596101224/,2026-02-20 12:26:18,3
百花三村,6740,N/A,西咸新区（西安）  阿房路  / 2000-2005年,90天成交1套,3,https://xa.ke.com/xiaoqu/38000000003896/,2026-02-20 12:26:18,3
福星惠誉美术城一期,12006,N/A,西咸新区（西安）  西咸  / 2019-2021年,90天成交3套,88,https://xa.ke.com/xiaoqu/3820035126668691/,2026-02-20 12:26:18,3
沣景国际,10585,N/A,西咸新区（西安）  西咸  / 2018-2023年,90天成交0套,12,https://xa.ke.com/xiaoqu/3820023036813224/,2026-02-20 12:26:18,3
枫溪美郡,17505,N/A,西咸新区（西安）  西咸  / 2016-2021年,90天成交0套,21,https://xa.ke.com/xiaoqu/38000000007316/,2026-02-20 12:26:18,3
西港兰池郡,13408,N/A,西咸新区（西安）  西咸  / 2018-2021年,90天成交1套,62,https://xa.ke.com/xiaoqu/3820034421954251/,2026-02-20 12:26:18,3
北何花园,5883,N/A,西咸新区（西安）  阿房路  / 2000-2008年,90天成交0套,9,https://xa.ke.com/xiaoqu/3811057358699/,2026-02-20 12:26:18,3
君合天玺,11845,N/A,西咸新区（西安）  阿房路  / 2014-2024年,90天成交10套,59,https://xa.ke.com/xiaoqu/3820034824691465/,2026-02-20 12:26:18,3
崇文尚学一期,9357,N/A,西咸新区（西安）  西咸  / 2020-2021年,90天成交0套,21,https://xa.ke.com/xiaoqu/38000000006640/,2026-02-20 12:26:18,3
华宇东原阅境,15242,N/A,西咸新区（西安）  阿房路  / 2021-2022年,90天成交12套,142,https://xa.ke.com/xiaoqu/3820041408350945/,2026-02-20 12:26:18,3
西纺2村,6793,N/A,西咸新区（西安）  阿房路  / 1953-1999年,90天成交2套,7,https://xa.ke.com/xiaoqu/3811058121302/,2026-02-20 12:26:18,3
紫薇大都会,13066,N/A,西咸新区（西安）  西咸  / 2022-2023年,90天成交1套,46,https://xa.ke.com/xiaoqu/3820036425417125/,2026-02-20 12:26:18,3
金辉·崇文府,10058,N/A,西咸新区（西安）  西咸  / 2021年,90天成交1套,108,https://xa.ke.com/xiaoqu/3820040273499724/,2026-02-20 12:26:18,3
中国国际丝路中心,暂无数据,N/A,西咸新区（西安）  西咸  / 2021-2025年,90天成交0套,16,https://xa.ke.com/xiaoqu/3820034516396176/,2026-02-20 12:26:18,3
阳光城·文澜府,8716,N/A,西咸新区（西安）  西咸  / 2021-2022年,90天成交2套,54,https://xa.ke.com/xiaoqu/3820046020897819/,2026-02-20 12:26:18,3
蓝光公园华府世家,10082,N/A,西咸新区（西安）  西咸  / 2021年,90天成交0套,18,https://xa.ke.com/xiaoqu/3820041717593574/,2026-02-20 12:26:18,3
朗诗未来街区,13226,N/A,西咸新区（西安）  阿房路  / 2022-2023年,90天成交7套,38,https://xa.ke.com/xiaoqu/3820043350767335/,2026-02-20 12:26:18,3
当代嘉宝公园悦MOMΛ,11249,N/A,西咸新区（西安）  阿房路  / 2021-2023年,90天成交15套,85,https://xa.ke.com/xiaoqu/3820034968330684/,2026-02-20 12:26:18,3
沣水云岭,15155,N/A,西咸新区（西安）  西咸  / 2022年,90天成交1套,67,https://xa.ke.com/xiaoqu/3820039974669021/,2026-02-20 12:26:18,3
和平璟苑,18669,N/A,西咸新区（西安）  阿房路  / 2025年,90天成交0套,1,https://xa.ke.com/xiaoqu/38000000050407/,2026-02-20 12:26:18,3
陕西省水产研究所家属院,6971,N/A,西咸新区（西安）  西咸  / 未知,90天成交0套,4,https://xa.ke.com/xiaoqu/38000000009119/,2026-02-20 12:26:18,3
南何社区,暂无数据,N/A,西咸新区（西安）  阿房路  / 2005-2019年,90天成交0套,0,https://xa.ke.com/xiaoqu/3820040716166944/,2026-02-20 12:26:18,3
公园·盛景,暂无数据,N/A,西咸新区（西安）  阿房路  / 2010-2019年,90天成交0套,0,https://xa.ke.com/xiaoqu/3813917649383715/,2026-02-20 12:26:18,3
怡园教师小区,暂无数据,N/A,西咸新区（西安）  阿房路  / 2006-2018年,90天成交0套,0,https://xa.ke.com/xiaoqu/3811058138177/,2026-02-20 12:26:18,3
嘉宝国际星城,5000,N/A,西咸新区（西安）  西咸  / 2012-2015年,90天成交0套,0,https://xa.ke.com/xiaoqu/3820036299683367/,2026-02-20 12:26:19,3
格兰逸境,暂无数据,N/A,西咸新区（西安）  西咸  / 2012-2015年,90天成交0套,0,https://xa.ke.com/xiaoqu/3820035053367696/,2026-02-20 12:26:19,3
卢卡小镇,暂无数据,N/A,西咸新区（西安）  西咸  / 2015-2020年,90天成交0套,0,https://xa.ke.com/xiaoqu/3811100182046/,2026-02-20 12:26:19,3
天玺国际,5634,N/A,西咸新区（西安）  西咸  / 2014-2018年,90天成交0套,0,https://xa.ke.com/xiaoqu/387897754906765/,2026-02-20 12:26:32,4
蔺高佳苑,暂无数据,N/A,西咸新区（西安）  西咸  / 2005-2015年,90天成交0套,0,https://xa.ke.com/xiaoqu/388146823687188/,2026-02-20 12:26:32,4
石桥庭苑,暂无数据,N/A,西咸新区（西安）  阿房路  / 2016-2020年,90天成交0套,0,https://xa.ke.com/xiaoqu/387914287804965/,2026-02-20 12:26:32,4
紫境城,6271,N/A,西咸新区（西安）  西咸  / 2012-2022年,90天成交0套,0,https://xa.ke.com/xiaoqu/386878089982802/,2026-02-20 12:26:32,4
欣苑小区,暂无数据,N/A,西咸新区（西安）  阿房路  / 2013年,90天成交0套,0,https://xa.ke.com/xiaoqu/3811057577885/,2026-02-20 12:26:32,4
凤锦西苑,暂无数据,N/A,西咸新区（西安）  阿房路  / 2019-2020年,90天成交0套,0,https://xa.ke.com/xiaoqu/38000000011803/,2026-02-20 12:26:32,4
和盛花园,暂无数据,N/A,西咸新区（西安）  西咸  / 2015-2024年,90天成交0套,0,https://xa.ke.com/xiaoqu/3820031112245236/,2026-02-20 12:26:32,4
公园新世纪,暂无数据,N/A,西咸新区（西安）  西咸  / 2015-2016年,90天成交0套,0,https://xa.ke.com/xiaoqu/3811057319565/,2026-02-20 12:26:32,4
三桥新村,暂无数据,N/A,西咸新区（西安）  西咸  / 1998-2014年,90天成交0套,0,https://xa.ke.com/xiaoqu/3811057386401/,2026-02-20 12:26:32,4
幸福家园(未央区),暂无数据,N/A,西咸新区（西安）  西咸  / 2009年,90天成交0套,0,https://xa.ke.com/xiaoqu/3811057578723/,2026-02-20 12:26:32,4
启航佳苑,暂无数据,N/A,西咸新区（西安）  西咸  / 2007-2023年,90天成交0套,0,https://xa.ke.com/xiaoqu/3811058674979/,2026-02-20 12:26:32,4
时代华城嘉汇华庭,暂无数据,N/A,西咸新区（西安）  西咸  / 2009-2016年,90天成交0套,0,https://xa.ke.com/xiaoqu/3820031065055885/,2026-02-20 12:26:32,4
沁园花都,4479,N/A,西咸新区（西安）  西咸  / 2005-2016年,90天成交0套,0,https://xa.ke.com/xiaoqu/3811058676933/,2026-02-20 12:26:32,4
西安国际美术城,暂无数据,N/A,西咸新区（西安）  西咸  / 2019年,90天成交0套,0,https://xa.ke.com/xiaoqu/3811100836994/,2026-02-20 12:26:32,4
锦绣华城,暂无数据,N/A,西咸新区（西安）  西咸  / 2012-2014年,90天成交0套,0,https://xa.ke.com/xiaoqu/3811057366995/,2026-02-20 12:26:32,4
枫桥名邸,5597,N/A,西咸新区（西安）  西咸  / 2010-2015年,90天成交0套,0,https://xa.ke.com/xiaoqu/3811058668456/,2026-02-20 12:26:32,4
三泰丽园,暂无数据,N/A,西咸新区（西安）  西咸  / 2000-2015年,90天成交0套,0,https://xa.ke.com/xiaoqu/3811058268285/,2026-02-20 12:26:32,4
润景怡园南区,暂无数据,N/A,西咸新区（西安）  西咸  / 2012-2016年,90天成交0套,0,https://xa.ke.com/xiaoqu/3820031165727349/,2026-02-20 12:26:32,4
后卫馨佳苑,5411,N/A,西咸新区（西安）  西咸  / 2014-2019年,90天成交0套,0,https://xa.ke.com/xiaoqu/3820031117488234/,2026-02-20 12:26:32,4
西围新嘉园一期,暂无数据,N/A,西咸新区（西安）  阿房路  / 2005-2023年,90天成交0套,0,https://xa.ke.com/xiaoqu/3811060907559/,2026-02-20 12:26:32,4
西围新嘉园二期,3571,N/A,西咸新区（西安）  阿房路  / 2009年,90天成交0套,0,https://xa.ke.com/xiaoqu/3811060909639/,2026-02-20 12:26:32,4
红光花园一期,暂无数据,N/A,西咸新区（西安）  阿房路  / 2003-2009年,90天成交0套,0,https://xa.ke.com/xiaoqu/3811060880994/,2026-02-20 12:26:32,4
芊域溪源社区,暂无数据,N/A,西咸新区（西安）  西咸  / 2018-2021年,90天成交0套,0,https://xa.ke.com/xiaoqu/3820031113290677/,2026-02-20 12:26:32,4
柏林春天,暂无数据,N/A,西咸新区（西安）  西咸  / 2014年,90天成交0套,0,https://xa.ke.com/xiaoqu/387124662890059/,2026-02-20 12:26:32,4
华润国际广场,暂无数据,N/A,西咸新区（西安）  西咸  / 2017年,90天成交0套,0,https://xa.ke.com/xiaoqu/3820021300874604/,2026-02-20 12:26:32,4
和平丽苑,7299,N/A,西咸新区（西安）  阿房路  / 1990-2023年,90天成交0套,0,https://xa.ke.com/xiaoqu/38000000002191/,2026-02-20 12:26:32,4
荣华宝格丽小镇,13122,N/A,西咸新区（西安）  西咸  / 2016年,90天成交0套,0,https://xa.ke.com/xiaoqu/3811100255307/,2026-02-20 12:26:32,4
天台新嘉园,5102,N/A,西咸新区（西安）  西咸  / 2018年,90天成交0套,0,https://xa.ke.com/xiaoqu/3820031116445867/,2026-02-20 12:26:32,4
五一新家园,暂无数据,N/A,西咸新区（西安）  西咸  / 2018年,90天成交0套,0,https://xa.ke.com/xiaoqu/3811058120322/,2026-02-20 12:26:32,4
上林沣苑,暂无数据,N/A,西咸新区（西安）  阿房路  / 2016年,90天成交0套,0,https://xa.ke.com/xiaoqu/3811100755387/,2026-02-20 12:26:32,4
荷花名苑,暂无数据,N/A,西咸新区（西安）  阿房路  / 2000-2008年,90天成交0套,0,https://xa.ke.com/xiaoqu/3811057338370/,2026-02-20 12:27:04,5
杨何新区,暂无数据,N/A,西咸新区（西安）  阿房路  / 2015年,90天成交0套,0,https://xa.ke.com/xiaoqu/3811058136487/,2026-02-20 12:27:05,5
新店阳光美居,暂无数据,N/A,西咸新区（西安）  西咸  / 2017年,90天成交0套,0,https://xa.ke.com/xiaoqu/3813288361964424/,2026-02-20 12:27:05,5
福星苑,暂无数据,N/A,西咸新区（西安）  阿房路  / 2000-2008年,90天成交0套,0,https://xa.ke.com/xiaoqu/3811057313281/,2026-02-20 12:27:05,5
华润万象金街,暂无数据,N/A,西咸新区（西安）  西咸  / 2017年,90天成交0套,0,https://xa.ke.com/xiaoqu/3820022288951345/,2026-02-20 12:27:05,5
海棠湾一期,6429,N/A,西咸新区（西安）  西咸  / 2016年,90天成交0套,0,https://xa.ke.com/xiaoqu/387739945530171/,2026-02-20 12:27:05,5
富居花园,暂无数据,N/A,西咸新区（西安）  西咸  / 2006年,90天成交0套,0,https://xa.ke.com/xiaoqu/3811057315240/,2026-02-20 12:27:05,5
秦龙泉山庄,暂无数据,N/A,西咸新区（西安）  西咸  / 1998-2010年,90天成交0套,0,https://xa.ke.com/xiaoqu/3811057381195/,2026-02-20 12:27:05,5
加贝小区北区,暂无数据,N/A,西咸新区（西安）  阿房路  / 1990-2003年,90天成交0套,0,https://xa.ke.com/xiaoqu/3811060882756/,2026-02-20 12:27:05,5
西雁小区,暂无数据,N/A,西咸新区（西安）  西咸  / 1999年,90天成交0套,0,https://xa.ke.com/xiaoqu/3811058124738/,2026-02-20 12:27:05,5
加贝小区南区,暂无数据,N/A,西咸新区（西安）  阿房路  / 1989-2000年,90天成交0套,0,https://xa.ke.com/xiaoqu/3811060883106/,2026-02-20 12:27:05,5
西部慧谷,暂无数据,N/A,西咸新区（西安）  西咸  / 2022年,90天成交0套,0,https://xa.ke.com/xiaoqu/388056852982806/,2026-02-20 12:27:05,5
车刘小区西区,暂无数据,N/A,西咸新区（西安）  阿房路  / 1998年,90天成交0套,0,https://xa.ke.com/xiaoqu/3811057363421/,2026-02-20 12:27:05,5
车刘小区东区,暂无数据,N/A,西咸新区（西安）  阿房路  / 未知,90天成交0套,0,https://xa.ke.com/xiaoqu/3811057361845/,2026-02-20 12:27:05,5
华美家苑,暂无数据,N/A,西咸新区（西安）  阿房路  / 未知,90天成交0套,0,https://xa.ke.com/xiaoqu/3811057575367/,2026-02-20 12:27:05,5
信合小区(咸阳市),暂无数据,N/A,西咸新区（西安）  西咸  / 未知,90天成交0套,0,https://xa.ke.com/xiaoqu/3811060535994/,2026-02-20 12:27:05,5
花园东村,暂无数据,N/A,西咸新区（西安）  西咸  / 未知,90天成交0套,0,https://xa.ke.com/xiaoqu/3811058671990/,2026-02-20 12:27:05,5
鑫园小区(未央),暂无数据,N/A,西咸新区（西安）  西咸  / 未知,90天成交0套,0,https://xa.ke.com/xiaoqu/3811058127103/,2026-02-20 12:27:05,5
三桥住宅小区一区,暂无数据,N/A,西咸新区（西安）  西咸  / 未知,90天成交0套,0,https://xa.ke.com/xiaoqu/3811058267691/,2026-02-20 12:27:05,5
凯沣学府,暂无数据,N/A,西咸新区（西安）  阿房路  / 未知,90天成交0套,0,https://xa.ke.com/xiaoqu/38000000002138/,2026-02-20 12:27:05,5
西城明珠,暂无数据,N/A,西咸新区（西安）  西咸  / 未知,90天成交0套,0,https://xa.ke.com/xiaoqu/3811058121009/,2026-02-20 12:27:05,5
空港国际商务中心,暂无数据,N/A,西咸新区（西安）  西咸  / 未知,90天成交0套,0,https://xa.ke.com/xiaoqu/388119860080767/,2026-02-20 12:27:05,5
西咸6E国际,暂无数据,N/A,西咸新区（西安）  西咸  / 未知,90天成交0套,0,https://xa.ke.com/xiaoqu/388055970868786/,2026-02-20 12:27:05,5
聚家花园,暂无数据,N/A,西咸新区（西安）  西咸  / 2018年,90天成交0套,0,https://xa.ke.com/xiaoqu/3820031112242103/,2026-02-20 12:27:05,5
西雁雀门温泉小区,4795,N/A,西咸新区（西安）  西咸  / 未知,90天成交0套,0,https://xa.ke.com/xiaoqu/3820031070305053/,2026-02-20 12:27:05,5
双拥花园公寓,暂无数据,N/A,西咸新区（西安）  西咸  / 未知,90天成交0套,0,https://xa.ke.com/xiaoqu/3820031065058716/,2026-02-20 12:27:05,5
新店温泉小区,暂无数据,N/A,西咸新区（西安）  西咸  / 未知,90天成交0套,0,https://xa.ke.com/xiaoqu/3820031071347833/,2026-02-20 12:27:05,5
欧陆花园,暂无数据,N/A,西咸新区（西安）  西咸  / 未知,90天成交0套,0,https://xa.ke.com/xiaoqu/3820031070301693/,2026-02-20 12:27:05,5
山水沣东壹号,暂无数据,N/A,西咸新区（西安）  西咸  / 未知,90天成交0套,0,https://xa.ke.com/xiaoqu/3811100317219/,2026-02-20 12:27:05,5
五一东小区,暂无数据,N/A,西咸新区（西安）  西咸  / 未知,90天成交0套,0,https://xa.ke.com/xiaoqu/3820031071354570/,2026-02-20 12:27:53,6
财富大厦,暂无数据,N/A,西咸新区（西安）  西咸  / 未知,90天成交0套,0,https://xa.ke.com/xiaoqu/38000000001989/,2026-02-20 12:27:53,6
蔺高新花园,暂无数据,N/A,西咸新区（西安）  西咸  / 未知,90天成交0套,0,https://xa.ke.com/xiaoqu/3820031117496084/,2026-02-20 12:27:53,6
阿房一路西段9号,暂无数据,N/A,西咸新区（西安）  西咸  / 未知,90天成交0套,0,https://xa.ke.com/xiaoqu/38000000001290/,2026-02-20 12:27:53,6
沣柳国际,暂无数据,N/A,西咸新区（西安）  西咸  / 未知,90天成交0套,0,https://xa.ke.com/xiaoqu/38000000003318/,2026-02-20 12:27:53,6
沣荷嘉苑,暂无数据,N/A,西咸新区（西安）  西咸  / 未知,90天成交0套,0,https://xa.ke.com/xiaoqu/38000000003696/,2026-02-20 12:27:53,6
西城名苑,暂无数据,N/A,西咸新区（西安）  西咸  / 未知,90天成交0套,0,https://xa.ke.com/xiaoqu/3820031069250476/,2026-02-20 12:27:53,6
三桥新街工商银行家属院,暂无数据,N/A,西咸新区（西安）  西咸  / 未知,90天成交0套,0,https://xa.ke.com/xiaoqu/38000000013149/,2026-02-20 12:27:53,6
五一小学教师楼,暂无数据,N/A,西咸新区（西安）  西咸  / 未知,90天成交0套,0,https://xa.ke.com/xiaoqu/3811058120080/,2026-02-20 12:27:53,6
雁雀花园B,暂无数据,N/A,西咸新区（西安）  西咸  / 2014年,90天成交0套,0,https://xa.ke.com/xiaoqu/3811058135786/,2026-02-20 12:27:53,6
望城花园,暂无数据,N/A,西咸新区（西安）  西咸  / 未知,90天成交0套,0,https://xa.ke.com/xiaoqu/3811058108811/,2026-02-20 12:27:53,6
花园北村,暂无数据,N/A,西咸新区（西安）  西咸  / 未知,90天成交0套,0,https://xa.ke.com/xiaoqu/3811057574611/,2026-02-20 12:27:53,6
六村堡,暂无数据,N/A,西咸新区（西安）  西咸  / 未知,90天成交0套,0,https://xa.ke.com/xiaoqu/3811058262588/,2026-02-20 12:27:53,6
建章路车辆小区老楼,暂无数据,N/A,西咸新区（西安）  西咸  / 未知,90天成交0套,0,https://xa.ke.com/xiaoqu/3811058250795/,2026-02-20 12:27:53,6
高堡子,暂无数据,N/A,西咸新区（西安）  西咸  / 未知,90天成交0套,0,https://xa.ke.com/xiaoqu/3811058237492/,2026-02-20 12:27:53,6
天缘春天,暂无数据,N/A,西咸新区（西安）  西咸  / 2019年,90天成交0套,0,https://xa.ke.com/xiaoqu/3811058275953/,2026-02-20 12:27:53,6
沣泽佳苑,暂无数据,N/A,西咸新区（西安）  西咸  / 未知,90天成交0套,0,https://xa.ke.com/xiaoqu/3811058667029/,2026-02-20 12:27:53,6
逸品园,暂无数据,N/A,西咸新区（西安）  阿房路  / 未知,90天成交0套,0,https://xa.ke.com/xiaoqu/3820031132172294/,2026-02-20 12:27:53,6
聚驾观景台,暂无数据,N/A,西咸新区（西安）  阿房路  / 未知,90天成交0套,0,https://xa.ke.com/xiaoqu/3820031116442059/,2026-02-20 12:27:53,6
沣东自贸新天地,暂无数据,N/A,西咸新区（西安）  阿房路  / 未知,90天成交0套,0,https://xa.ke.com/xiaoqu/3820043756733131/,2026-02-20 12:27:53,6
百花二村,暂无数据,N/A,西咸新区（西安）  阿房路  / 未知,90天成交0套,0,https://xa.ke.com/xiaoqu/38000000003276/,2026-02-20 12:27:53,6
公园8号,暂无数据,N/A,西咸新区（西安）  阿房路  / 未知,90天成交0套,0,https://xa.ke.com/xiaoqu/3820040836749976/,2026-02-20 12:27:53,6
清雅院,暂无数据,N/A,西咸新区（西安）  阿房路  / 未知,90天成交0套,0,https://xa.ke.com/xiaoqu/38000000012032/,2026-02-20 12:27:53,6
阿房宫信用社家属院,暂无数据,N/A,西咸新区（西安）  阿房路  / 未知,90天成交0套,0,https://xa.ke.com/xiaoqu/3811057354613/,2026-02-20 12:27:53,6
南何小区,暂无数据,N/A,西咸新区（西安）  阿房路  / 未知,90天成交0套,0,https://xa.ke.com/xiaoqu/3811058672903/,2026-02-20 12:27:53,6
红光花园二期,暂无数据,N/A,西咸新区（西安）  阿房路  / 2006年,90天成交0套,0,https://xa.ke.com/xiaoqu/3811060881325/,2026-02-20 12:27:53,6
雅何鑫苑,暂无数据,N/A,西咸新区（西安）  阿房路  / 2013年,90天成交0套,0,https://xa.ke.com/xiaoqu/3811953248940878/,2026-02-20 12:27:53,6
车刘村安置小区,暂无数据,N/A,西咸新区（西安）  阿房路  / 2014-2025年,90天成交0套,0,https://xa.ke.com/xiaoqu/3820031116443570/,2026-02-20 12:27:53,6
肖里新居时代,暂无数据,N/A,西咸新区（西安）  阿房路  / 未知,90天成交0套,0,https://xa.ke.com/xiaoqu/3820031162575984/,2026-02-20 12:27:53,6
西燃阿房佳苑,暂无数据,N/A,西咸新区（西安）  阿房路  / 未知,90天成交0套,0,https://xa.ke.com/xiaoqu/3820031173061938/,2026-02-20 12:27:53,6
鸿港国际,暂无数据,N/A,西咸新区（西安）  西咸  / 2015年,90天成交0套,0,https://xa.ke.com/xiaoqu/3820036200038966/,2026-02-20 12:28:26,7
嘉宝国际星城,5000,N/A,西咸新区（西安）  西咸  / 2012-2015年,90天成交0套,0,https://xa.ke.com/xiaoqu/3820036299683367/,2026-02-20 12:28:26,7
沣景国际,10585,N/A,西咸新区（西安）  西咸  / 2018-2023年,90天成交0套,12,https://xa.ke.com/xiaoqu/3820023036813224/,2026-02-20 12:28:26,7
芊域溪源社区,暂无数据,N/A,西咸新区（西安）  西咸  / 2018-2021年,90天成交0套,0,https://xa.ke.com/xiaoqu/3820031113290677/,2026-02-20 12:28:26,7
西雁雀门温泉小区,4795,N/A,西咸新区（西安）  西咸  / 未知,90天成交0套,0,https://xa.ke.com/xiaoqu/3820031070305053/,2026-02-20 12:28:26,7
西安车辆厂东花园B区,9725,N/A,西咸新区（西安）  西咸  / 2005-2017年,90天成交0套,3,https://xa.ke.com/xiaoqu/3820031066105757/,2026-02-20 12:28:26,7
双拥花园公寓,暂无数据,N/A,西咸新区（西安）  西咸  / 未知,90天成交0套,0,https://xa.ke.com/xiaoqu/3820031065058716/,2026-02-20 12:28:26,7
新店温泉小区,暂无数据,N/A,西咸新区（西安）  西咸  / 未知,90天成交0套,0,https://xa.ke.com/xiaoqu/3820031071347833/,2026-02-20 12:28:26,7
西贤庄,5927,N/A,西咸新区（西安）  西咸  / 2000-2011年,90天成交0套,4,https://xa.ke.com/xiaoqu/3820031070306904/,2026-02-20 12:28:26,7
华润国际广场,暂无数据,N/A,西咸新区（西安）  西咸  / 2017年,90天成交0套,0,https://xa.ke.com/xiaoqu/3820021300874604/,2026-02-20 12:28:26,7
沣柳国际,暂无数据,N/A,西咸新区（西安）  西咸  / 未知,90天成交0套,0,https://xa.ke.com/xiaoqu/38000000003318/,2026-02-20 12:28:26,7
中南上悦城,暂无数据,N/A,西咸新区（西安）  西咸  / 未知,90天成交0套,0,https://xa.ke.com/xiaoqu/3820036408648852/,2026-02-20 12:28:26,7
华润二十四城二期,11001,N/A,西咸新区（西安）  西咸  / 2015-2024年,90天成交10套,54,https://xa.ke.com/xiaoqu/38000000003299/,2026-02-20 12:28:26,7
西城名苑,暂无数据,N/A,西咸新区（西安）  西咸  / 未知,90天成交0套,0,https://xa.ke.com/xiaoqu/3820031069250476/,2026-02-20 12:28:26,7
绿地新里格林公馆,7438,N/A,西咸新区（西安）  西咸  / 2019-2024年,90天成交10套,203,https://xa.ke.com/xiaoqu/3820035822365800/,2026-02-20 12:28:26,7
莱茵·东郡,暂无数据,N/A,西咸新区（西安）  西咸  / 2010年,90天成交0套,0,https://xa.ke.com/xiaoqu/38000000005104/,2026-02-20 12:28:26,7
汉唐新都汇,暂无数据,N/A,西咸新区（西安）  西咸  / 2019-2023年,90天成交0套,1,https://xa.ke.com/xiaoqu/3820034562529735/,2026-02-20 12:28:26,7
平湖秋月,暂无数据,N/A,西咸新区（西安）  西咸  / 未知,90天成交0套,0,https://xa.ke.com/xiaoqu/38000000001578/,2026-02-20 12:28:26,7
阳光城上林府,16706,N/A,西咸新区（西安）  西咸  / 2004-2020年,90天成交9套,150,https://xa.ke.com/xiaoqu/38000000001672/,2026-02-20 12:28:26,7
万科理想城,14796,N/A,西咸新区（西安）  西咸  / 2010-2025年,90天成交7套,227,https://xa.ke.com/xiaoqu/3820034506881169/,2026-02-20 12:28:26,7
大明宫建材市场,暂无数据,N/A,西咸新区（西安）  西咸  / 1990年,90天成交0套,0,https://xa.ke.com/xiaoqu/38000000000007/,2026-02-20 12:28:26,7
建章尚品,暂无数据,N/A,西咸新区（西安）  西咸  / 2009年,90天成交0套,0,https://xa.ke.com/xiaoqu/3820031070306149/,2026-02-20 12:28:26,7
阿房一路西段9号,暂无数据,N/A,西咸新区（西安）  西咸  / 未知,90天成交0套,0,https://xa.ke.com/xiaoqu/38000000001290/,2026-02-20 12:28:26,7
西部云谷2.0,暂无数据,N/A,西咸新区（西安）  西咸  / 2019-2022年,90天成交0套,1,https://xa.ke.com/xiaoqu/38000000005226/,2026-02-20 12:28:26,7
国润城东区,14472,N/A,西咸新区（西安）  西咸  / 2010-2020年,90天成交3套,133,https://xa.ke.com/xiaoqu/38000000003145/,2026-02-20 12:28:26,7
阳光城沣太花园一二期,9371,N/A,西咸新区（西安）  西咸  / 2009-2024年,90天成交5套,151,https://xa.ke.com/xiaoqu/38000000003029/,2026-02-20 12:28:26,7
金辉·崇文府,10058,N/A,西咸新区（西安）  西咸  / 2021年,90天成交1套,108,https://xa.ke.com/xiaoqu/3820040273499724/,2026-02-20 12:28:26,7
隆桥瑞苑,7827,N/A,西咸新区（西安）  西咸  / 2019-2021年,90天成交5套,82,https://xa.ke.com/xiaoqu/3820036841873030/,2026-02-20 12:28:26,7
华润二十四城三期,10482,N/A,西咸新区（西安）  西咸  / 2013-2018年,90天成交6套,36,https://xa.ke.com/xiaoqu/3820048480172423/,2026-02-20 12:28:26,7
隆桥瑞苑,7827,N/A,西咸新区（西安）  西咸  / 2019-2021年,90天成交5套,82,https://xa.ke.com/xiaoqu/3820036841873030/,2026-02-20 12:28:37,8
华润二十四城三期,10482,N/A,西咸新区（西安）  西咸  / 2013-2018年,90天成交6套,36,https://xa.ke.com/xiaoqu/3820048480172423/,2026-02-20 12:28:37,8
沣东旺城,暂无数据,N/A,西咸新区（西安）  西咸  / 2020年,90天成交0套,3,https://xa.ke.com/xiaoqu/3820043572129882/,2026-02-20 12:28:37,8
蓝光公园华府世家,10082,N/A,西咸新区（西安）  西咸  / 2021年,90天成交0套,18,https://xa.ke.com/xiaoqu/3820041717593574/,2026-02-20 12:28:37,8
黄冈学府城,9001,N/A,西咸新区（西安）  西咸  / 2020-2025年,90天成交10套,276,https://xa.ke.com/xiaoqu/3820034576163709/,2026-02-20 12:28:37,8
三桥新街工商银行家属院,暂无数据,N/A,西咸新区（西安）  西咸  / 未知,90天成交0套,0,https://xa.ke.com/xiaoqu/38000000013149/,2026-02-20 12:28:37,8
中南菩悦东望城,6282,N/A,西咸新区（西安）  西咸  / 2021年,90天成交0套,172,https://xa.ke.com/xiaoqu/3820034600293947/,2026-02-20 12:28:37,8
三桥大厦,暂无数据,N/A,西咸新区（西安）  西咸  / 2014-2020年,90天成交0套,0,https://xa.ke.com/xiaoqu/38000000006661/,2026-02-20 12:28:37,8
星岛假日,6560,N/A,西咸新区（西安）  西咸  / 2005-2021年,90天成交2套,40,https://xa.ke.com/xiaoqu/38000000002266/,2026-02-20 12:28:37,8
福源居小区,暂无数据,N/A,西咸新区（西安）  西咸  / 2010-2011年,90天成交0套,0,https://xa.ke.com/xiaoqu/3820031069259598/,2026-02-20 12:28:37,8
阳光城·文澜府,8716,N/A,西咸新区（西安）  西咸  / 2021-2022年,90天成交2套,54,https://xa.ke.com/xiaoqu/3820046020897819/,2026-02-20 12:28:37,8
沣毛小区,2550,N/A,西咸新区（西安）  西咸  / 未知,90天成交0套,1,https://xa.ke.com/xiaoqu/3820056241860577/,2026-02-20 12:28:37,8
陕西省水产研究所家属院,6971,N/A,西咸新区（西安）  西咸  / 未知,90天成交0套,4,https://xa.ke.com/xiaoqu/38000000009119/,2026-02-20 12:28:37,8
招商雍景湾,15860,N/A,西咸新区（西安）  西咸  / 2019-2020年,90天成交1套,67,https://xa.ke.com/xiaoqu/3820039971517918/,2026-02-20 12:28:37,8
渭电社区,3721,N/A,西咸新区（西安）  西咸  / 1998-2009年,90天成交0套,23,https://xa.ke.com/xiaoqu/38000000009838/,2026-02-20 12:28:37,8
绿地国宝21城二期,7595,N/A,西咸新区（西安）  西咸  / 2020-2023年,90天成交3套,108,https://xa.ke.com/xiaoqu/38000000010704/,2026-02-20 12:28:38,8
崇文尚学一期,9357,N/A,西咸新区（西安）  西咸  / 2020-2021年,90天成交0套,21,https://xa.ke.com/xiaoqu/38000000006640/,2026-02-20 12:28:38,8
沣科花园B区,4412,N/A,西咸新区（西安）  西咸  / 2017-2024年,90天成交0套,0,https://xa.ke.com/xiaoqu/38000000003136/,2026-02-20 12:28:38,8
枫溪美郡,17505,N/A,西咸新区（西安）  西咸  / 2016-2021年,90天成交0套,21,https://xa.ke.com/xiaoqu/38000000007316/,2026-02-20 12:28:38,8
沣东i立方,10314,N/A,西咸新区（西安）  西咸  / 2019年,90天成交0套,1,https://xa.ke.com/xiaoqu/3820030292942725/,2026-02-20 12:28:38,8
政府小区,暂无数据,N/A,西咸新区（西安）  西咸  / 2006年,90天成交0套,0,https://xa.ke.com/xiaoqu/3820031118543662/,2026-02-20 12:28:38,8
中国国际丝路中心,暂无数据,N/A,西咸新区（西安）  西咸  / 2021-2025年,90天成交0套,16,https://xa.ke.com/xiaoqu/3820034516396176/,2026-02-20 12:28:38,8
旭辉江山阅,12162,N/A,西咸新区（西安）  西咸  / 2018-2021年,90天成交3套,82,https://xa.ke.com/xiaoqu/3820034596101224/,2026-02-20 12:28:38,8
西咸国际文创小镇,暂无数据,N/A,西咸新区（西安）  西咸  / 2020年,90天成交0套,5,https://xa.ke.com/xiaoqu/3820042299720978/,2026-02-20 12:28:38,8
翠缇学府,7461,N/A,西咸新区（西安）  西咸  / 2021-2022年,90天成交9套,130,https://xa.ke.com/xiaoqu/38000000021124/,2026-02-20 12:28:38,8
沣华熙城,13985,N/A,西咸新区（西安）  西咸  / 2021-2023年,90天成交14套,384,https://xa.ke.com/xiaoqu/3820044614411781/,2026-02-20 12:28:38,8
中南•上悦城|東沣,14489,N/A,西咸新区（西安）  西咸  / 2022-2024年,90天成交0套,25,https://xa.ke.com/xiaoqu/38000000012178/,2026-02-20 12:28:38,8
三十三中住宅楼,5991,N/A,西咸新区（西安）  西咸  / 1990年,90天成交0套,1,https://xa.ke.com/xiaoqu/38000000021355/,2026-02-20 12:28:38,8
金地格林云上,10580,N/A,西咸新区（西安）  西咸  / 2021-2022年,90天成交3套,69,https://xa.ke.com/xiaoqu/3820045310991012/,2026-02-20 12:28:38,8
星河湾朗园,17351,N/A,西咸新区（西安）  西咸  / 2016-2021年,90天成交4套,97,https://xa.ke.com/xiaoqu/3820055734301503/,2026-02-20 12:28:38,8
启航馨苑,5385,N/A,西咸新区（西安）  西咸  / 2014-2024年,90天成交0套,0,https://xa.ke.com/xiaoqu/3820051853085446/,2026-02-20 12:28:50,9
蓝海湾,4800,N/A,西咸新区（西安）  西咸  / 2013-2020年,90天成交0套,0,https://xa.ke.com/xiaoqu/38000000018635/,2026-02-20 12:28:50,9
原点国际建材家居广场,暂无数据,N/A,西咸新区（西安）  西咸  / 未知,90天成交0套,1,https://xa.ke.com/xiaoqu/38000000011666/,2026-02-20 12:28:50,9
温泉东区,暂无数据,N/A,西咸新区（西安）  西咸  / 未知,90天成交0套,0,https://xa.ke.com/xiaoqu/38000000035497/,2026-02-20 12:28:50,9
OCT华侨城·创想中心,9366,N/A,西咸新区（西安）  西咸  / 2023年,90天成交0套,4,https://xa.ke.com/xiaoqu/38000000007717/,2026-02-20 12:28:50,9
产发云和悦,12606,N/A,西咸新区（西安）  西咸  / 2024年,90天成交0套,10,https://xa.ke.com/xiaoqu/38000000081875/,2026-02-20 12:28:50,9
云锦东方,13661,N/A,西咸新区（西安）  西咸  / 2023年,90天成交1套,10,https://xa.ke.com/xiaoqu/38000000073855/,2026-02-20 12:28:50,9
康定和园,暂无数据,N/A,西咸新区（西安）  西咸  / 2017-2020年,90天成交0套,0,https://xa.ke.com/xiaoqu/38000000071430/,2026-02-20 12:28:50,9
新沣和园北区,3985,N/A,西咸新区（西安）  西咸  / 未知,90天成交0套,0,https://xa.ke.com/xiaoqu/38000000071520/,2026-02-20 12:28:50,9
绿城锦庐,11398,N/A,西咸新区（西安）  西咸  / 2024年,90天成交0套,13,https://xa.ke.com/xiaoqu/38000000083978/,2026-02-20 12:28:50,9
湖城印象熙岸,9756,N/A,西咸新区（西安）  西咸  / 2022-2024年,90天成交1套,50,https://xa.ke.com/xiaoqu/38000000084469/,2026-02-20 12:28:50,9
沣科花园E区,5588,N/A,西咸新区（西安）  西咸  / 2022-2024年,90天成交0套,0,https://xa.ke.com/xiaoqu/38000000040710/,2026-02-20 12:28:50,9
沣水园二号院,3941,N/A,西咸新区（西安）  西咸  / 2010-2015年,90天成交0套,2,https://xa.ke.com/xiaoqu/38000000077459/,2026-02-20 12:28:50,9
西北电力建设第四工程公司小区,3800,N/A,西咸新区（西安）  西咸  / 未知,90天成交0套,1,https://xa.ke.com/xiaoqu/38000000085177/,2026-02-20 12:28:50,9
龙湖景粼玖序,12632,N/A,西咸新区（西安）  西咸  / 2024-2025年,90天成交0套,25,https://xa.ke.com/xiaoqu/38000000026440/,2026-02-20 12:28:50,9
天福和园,暂无数据,N/A,西咸新区（西安）  西咸  / 未知,90天成交0套,0,https://xa.ke.com/xiaoqu/38000000066940/,2026-02-20 12:28:50,9
烟厂小区,4432,N/A,西咸新区（西安）  西咸  / 未知,90天成交0套,0,https://xa.ke.com/xiaoqu/38000000073051/,2026-02-20 12:28:50,9
车城温泉小区,暂无数据,N/A,西咸新区（西安）  西咸  / 未知,90天成交0套,0,https://xa.ke.com/xiaoqu/3820031116443199/,2026-02-20 12:28:50,9
陕西化纤金旭小区,3928,N/A,西咸新区（西安）  西咸  / 1995年,90天成交0套,2,https://xa.ke.com/xiaoqu/38000000077660/,2026-02-20 12:28:50,9
先河瞰都,暂无数据,N/A,西咸新区（西安）  西咸  / 2021年,90天成交0套,10,https://xa.ke.com/xiaoqu/38000000008103/,2026-02-20 12:28:50,9
华北局三普东生活区,3769,N/A,西咸新区（西安）  西咸  / 2005-2010年,90天成交2套,7,https://xa.ke.com/xiaoqu/38000000073449/,2026-02-20 12:28:50,9
沣润和园,暂无数据,N/A,西咸新区（西安）  西咸  / 2007-2019年,90天成交0套,0,https://xa.ke.com/xiaoqu/38000000071525/,2026-02-20 12:28:50,9
中铁港沣国际,暂无数据,N/A,西咸新区（西安）  西咸  / 2020年,90天成交0套,0,https://xa.ke.com/xiaoqu/38000000005102/,2026-02-20 12:28:50,9
天朗云熙,9852,N/A,西咸新区（西安）  西咸  / 2022-2023年,90天成交1套,55,https://xa.ke.com/xiaoqu/38000000072755/,2026-02-20 12:28:50,9
崇文尚学二期,10074,N/A,西咸新区（西安）  西咸  / 2021年,90天成交0套,19,https://xa.ke.com/xiaoqu/38000000073652/,2026-02-20 12:28:50,9
阳光荟,暂无数据,N/A,西咸新区（西安）  西咸  / 2022年,90天成交0套,6,https://xa.ke.com/xiaoqu/38000000071441/,2026-02-20 12:28:50,9
绿地国宝21城二期,7595,N/A,西咸新区（西安）  西咸  / 2020-2023年,90天成交3套,108,https://xa.ke.com/xiaoqu/38000000010704/,2026-02-20 12:28:50,9
沣毛小区,2550,N/A,西咸新区（西安）  西咸  / 未知,90天成交0套,1,https://xa.ke.com/xiaoqu/3820056241860577/,2026-02-20 12:28:50,9
阳光城巴塞阳光,14722,N/A,西咸新区（西安）  西咸  / 2013-2020年,90天成交26套,171,https://xa.ke.com/xiaoqu/38000000005056/,2026-02-20 12:28:50,9
三十三中住宅楼,5991,N/A,西咸新区（西安）  西咸  / 1990年,90天成交0套,1,https://xa.ke.com/xiaoqu/38000000021355/,2026-02-20 12:28:50,9
芊域溪源社区,暂无数据,N/A,西咸新区（西安）  西咸  / 2018-2021年,90天成交0套,0,https://xa.ke.com/xiaoqu/3820031113290677/,2026-02-20 12:29:41,10
西雁雀门温泉小区,4795,N/A,西咸新区（西安）  西咸  / 未知,90天成交0套,0,https://xa.ke.com/xiaoqu/3820031070305053/,2026-02-20 12:29:41,10
西安车辆厂东花园B区,9725,N/A,西咸新区（西安）  西咸  / 2005-2017年,90天成交0套,3,https://xa.ke.com/xiaoqu/3820031066105757/,2026-02-20 12:29:41,10
双拥花园公寓,暂无数据,N/A,西咸新区（西安）  西咸  / 未知,90天成交0套,0,https://xa.ke.com/xiaoqu/3820031065058716/,2026-02-20 12:29:41,10
新店温泉小区,暂无数据,N/A,西咸新区（西安）  西咸  / 未知,90天成交0套,0,https://xa.ke.com/xiaoqu/3820031071347833/,2026-02-20 12:29:41,10
西贤庄,5927,N/A,西咸新区（西安）  西咸  / 2000-2011年,90天成交0套,4,https://xa.ke.com/xiaoqu/3820031070306904/,2026-02-20 12:29:41,10
格兰逸境,暂无数据,N/A,西咸新区（西安）  西咸  / 2012-2015年,90天成交0套,0,https://xa.ke.com/xiaoqu/3820035053367696/,2026-02-20 12:29:41,10
车城温泉小区,暂无数据,N/A,西咸新区（西安）  西咸  / 未知,90天成交0套,0,https://xa.ke.com/xiaoqu/3820031116443199/,2026-02-20 12:29:41,10
三十三中住宅楼,5991,N/A,西咸新区（西安）  西咸  / 1990年,90天成交0套,1,https://xa.ke.com/xiaoqu/38000000021355/,2026-02-20 12:29:41,10
金地格林云上,10580,N/A,西咸新区（西安）  西咸  / 2021-2022年,90天成交3套,69,https://xa.ke.com/xiaoqu/3820045310991012/,2026-02-20 12:29:41,10
保利和光尘樾二期,15625,N/A,西咸新区（西安）  西咸  / 2020-2022年,90天成交3套,179,https://xa.ke.com/xiaoqu/3820073737012732/,2026-02-20 12:29:41,10
昆明澜庭三期,13873,N/A,西咸新区（西安）  西咸  / 2019-2020年,90天成交2套,94,https://xa.ke.com/xiaoqu/3820073914220910/,2026-02-20 12:29:41,10
德杰花满庭,12830,N/A,西咸新区（西安）  西咸  / 2019-2022年,90天成交0套,52,https://xa.ke.com/xiaoqu/38000000051202/,2026-02-20 12:29:41,10
华润置地万象里,暂无数据,N/A,西咸新区（西安）  西咸  / 2022-2023年,90天成交10套,36,https://xa.ke.com/xiaoqu/3820044914544982/,2026-02-20 12:29:41,10
原点国际建材家居广场,暂无数据,N/A,西咸新区（西安）  西咸  / 未知,90天成交0套,1,https://xa.ke.com/xiaoqu/38000000011666/,2026-02-20 12:29:41,10
中南上悦城二期,15094,N/A,西咸新区（西安）  西咸  / 2023年,90天成交0套,54,https://xa.ke.com/xiaoqu/38000000063035/,2026-02-20 12:29:41,10
中南上悦城一期,15034,N/A,西咸新区（西安）  西咸  / 2019-2023年,90天成交4套,103,https://xa.ke.com/xiaoqu/38000000063034/,2026-02-20 12:29:41,10
东望隽园,14943,N/A,西咸新区（西安）  西咸  / 2023年,90天成交0套,14,https://xa.ke.com/xiaoqu/38000000004772/,2026-02-20 12:29:41,10
阳光荟,暂无数据,N/A,西咸新区（西安）  西咸  / 2022年,90天成交0套,6,https://xa.ke.com/xiaoqu/38000000071441/,2026-02-20 12:29:41,10
绿城西安和庐,22414,N/A,西咸新区（西安）  西咸  / 2022-2024年,90天成交2套,40,https://xa.ke.com/xiaoqu/38000000075038/,2026-02-20 12:29:41,10
绿城锦庐,11398,N/A,西咸新区（西安）  西咸  / 2024年,90天成交0套,13,https://xa.ke.com/xiaoqu/38000000083978/,2026-02-20 12:29:41,10
中天宸悦一期,17202,N/A,西咸新区（西安）  西咸  / 2022年,90天成交3套,55,https://xa.ke.com/xiaoqu/38000000087182/,2026-02-20 12:29:42,10
保利和光尘樾三期,暂无数据,N/A,西咸新区（西安）  西咸  / 2023年,90天成交0套,5,https://xa.ke.com/xiaoqu/38000000093593/,2026-02-20 12:29:42,10
万科未来时光,8397,N/A,西咸新区（西安）  西咸  / 2023-2024年,90天成交2套,38,https://xa.ke.com/xiaoqu/38000000089084/,2026-02-20 12:29:42,10
绿地新里里尔公馆,10373,N/A,西咸新区（西安）  西咸  / 2020-2024年,90天成交2套,42,https://xa.ke.com/xiaoqu/38000000073856/,2026-02-20 12:29:42,10
西派宸樾,暂无数据,N/A,西咸新区（西安）  西咸  / 2023-2024年,90天成交0套,21,https://xa.ke.com/xiaoqu/38000000086878/,2026-02-20 12:29:42,10
沣业阅湾,12067,N/A,西咸新区（西安）  西咸  / 2022年,90天成交1套,12,https://xa.ke.com/xiaoqu/3820087800876698/,2026-02-20 12:29:42,10
康定和园,暂无数据,N/A,西咸新区（西安）  西咸  / 2017-2020年,90天成交0套,0,https://xa.ke.com/xiaoqu/38000000071430/,2026-02-20 12:29:42,10
新沣和园北区,3985,N/A,西咸新区（西安）  西咸  / 未知,90天成交0套,0,https://xa.ke.com/xiaoqu/38000000071520/,2026-02-20 12:29:42,10
阳光城蔷薇溪谷C3,17296,N/A,西咸新区（西安）  西咸  / 2015-2024年,90天成交11套,102,https://xa.ke.com/xiaoqu/38000000071640/,2026-02-20 12:30:25,11
陕建沣渭壹号院,21016,N/A,西咸新区（西安）  西咸  / 2023年,90天成交0套,43,https://xa.ke.com/xiaoqu/38000000071534/,2026-02-20 12:30:25,11
大有院,16207,N/A,西咸新区（西安）  西咸  / 2020-2022年,90天成交3套,27,https://xa.ke.com/xiaoqu/38000000071634/,2026-02-20 12:30:25,11
紫气东来,7913,N/A,西咸新区（西安）  西咸  / 2011-2013年,90天成交1套,15,https://xa.ke.com/xiaoqu/38000000071437/,2026-02-20 12:30:25,11
吾悦公馆,11107,N/A,西咸新区（西安）  西咸  / 2017-2021年,90天成交9套,91,https://xa.ke.com/xiaoqu/38000000008321/,2026-02-20 12:30:25,11
宜家沣都,8386,N/A,西咸新区（西安）  西咸  / 2016-2018年,90天成交3套,108,https://xa.ke.com/xiaoqu/38000000071440/,2026-02-20 12:30:25,11
中天宸悦二期,18779,N/A,西咸新区（西安）  西咸  / 2023-2024年,90天成交6套,69,https://xa.ke.com/xiaoqu/38000000071530/,2026-02-20 12:30:25,11
中铁沣河湾,11296,N/A,西咸新区（西安）  西咸  / 2016-2025年,90天成交6套,121,https://xa.ke.com/xiaoqu/38000000071636/,2026-02-20 12:30:25,11
大同院,15988,N/A,西咸新区（西安）  西咸  / 2020-2022年,90天成交3套,40,https://xa.ke.com/xiaoqu/38000000071638/,2026-02-20 12:30:25,11
金悦城,7679,N/A,西咸新区（西安）  西咸  / 2019-2022年,90天成交1套,58,https://xa.ke.com/xiaoqu/38000000071434/,2026-02-20 12:30:25,11
阳光城蔷薇溪谷C4小区,16711,N/A,西咸新区（西安）  西咸  / 2015-2024年,90天成交41套,236,https://xa.ke.com/xiaoqu/38000000071436/,2026-02-20 12:30:25,11
奥林匹克花园巴塞罗那奥运村,9275,N/A,西咸新区（西安）  西咸  / 2008-2012年,90天成交5套,72,https://xa.ke.com/xiaoqu/38000000071752/,2026-02-20 12:30:25,11
伦敦奥运村,9514,N/A,西咸新区（西安）  西咸  / 2011-2020年,90天成交13套,285,https://xa.ke.com/xiaoqu/38000000071754/,2026-02-20 12:30:25,11
御河上院,20909,N/A,西咸新区（西安）  西咸  / 2019-2023年,90天成交1套,48,https://xa.ke.com/xiaoqu/38000000071533/,2026-02-20 12:30:25,11
中南菩悦东望府,18244,N/A,西咸新区（西安）  西咸  / 2022-2023年,90天成交12套,91,https://xa.ke.com/xiaoqu/38000000071731/,2026-02-20 12:30:25,11
中国铁建西派时代,16168,N/A,西咸新区（西安）  西咸  / 2021-2023年,90天成交10套,93,https://xa.ke.com/xiaoqu/38000000071633/,2026-02-20 12:30:25,11
奥林匹克花园雅典奥运村,8953,N/A,西咸新区（西安）  西咸  / 2007-2020年,90天成交1套,54,https://xa.ke.com/xiaoqu/38000000071751/,2026-02-20 12:30:25,11
紫薇铂樾府,12760,N/A,西咸新区（西安）  西咸  / 2021-2022年,90天成交4套,63,https://xa.ke.com/xiaoqu/38000000071628/,2026-02-20 12:30:25,11
奥林匹克花园北京奥运村,9924,N/A,西咸新区（西安）  西咸  / 2009-2020年,90天成交8套,137,https://xa.ke.com/xiaoqu/38000000071753/,2026-02-20 12:30:25,11
新新佳园(西咸),6925,N/A,西咸新区（西安）  西咸  / 2009-2013年,90天成交1套,31,https://xa.ke.com/xiaoqu/38000000071723/,2026-02-20 12:30:25,11
北槐春天,6449,N/A,西咸新区（西安）  西咸  / 2020年,90天成交0套,13,https://xa.ke.com/xiaoqu/38000000071521/,2026-02-20 12:30:25,11
林凯溢金湾,12194,N/A,西咸新区（西安）  西咸  / 2013-2024年,90天成交0套,112,https://xa.ke.com/xiaoqu/38000000071722/,2026-02-20 12:30:25,11
紫薇万科生活广场,9000,N/A,西咸新区（西安）  西咸  / 2022年,90天成交0套,15,https://xa.ke.com/xiaoqu/38000000071629/,2026-02-20 12:30:25,11
东望中心,暂无数据,N/A,西咸新区（西安）  西咸  / 2023年,90天成交5套,63,https://xa.ke.com/xiaoqu/38000000071443/,2026-02-20 12:30:25,11
阳光荟,暂无数据,N/A,西咸新区（西安）  西咸  / 2022年,90天成交0套,6,https://xa.ke.com/xiaoqu/38000000071441/,2026-02-20 12:30:25,11
天福和园,暂无数据,N/A,西咸新区（西安）  西咸  / 未知,90天成交0套,0,https://xa.ke.com/xiaoqu/38000000066940/,2026-02-20 12:30:25,11
万科·沣华锦鸣,13540,N/A,西咸新区（西安）  西咸  / 2020-2025年,90天成交0套,33,https://xa.ke.com/xiaoqu/38000000012007/,2026-02-20 12:30:25,11
中梁壹号院,11150,N/A,西咸新区（西安）  西咸  / 2019-2025年,90天成交1套,77,https://xa.ke.com/xiaoqu/38000000073253/,2026-02-20 12:30:25,11
恒大文化旅游城,7639,N/A,西咸新区（西安）  西咸  / 2004-2024年,90天成交44套,1068,https://xa.ke.com/xiaoqu/38000000072948/,2026-02-20 12:30:25,11
先河之星,暂无数据,N/A,西咸新区（西安）  西咸  / 2016年,90天成交0套,2,https://xa.ke.com/xiaoqu/38000000071414/,2026-02-20 12:30:25,11
阳光城壹号官邸,14076,N/A,西咸新区（西安）  西咸  / 2000-2020年,90天成交10套,301,https://xa.ke.com/xiaoqu/38000000006845/,2026-02-20 12:30:37,12
沣科花园B区,4412,N/A,西咸新区（西安）  西咸  / 2017-2024年,90天成交0套,0,https://xa.ke.com/xiaoqu/38000000003136/,2026-02-20 12:30:37,12
金科世界城,9235,N/A,西咸新区（西安）  西咸  / 2012-2022年,90天成交33套,303,https://xa.ke.com/xiaoqu/38000000007729/,2026-02-20 12:30:37,12
旭辉江山阅,12162,N/A,西咸新区（西安）  西咸  / 2018-2021年,90天成交3套,82,https://xa.ke.com/xiaoqu/3820034596101224/,2026-02-20 12:30:37,12
中国国际丝路中心,暂无数据,N/A,西咸新区（西安）  西咸  / 2021-2025年,90天成交0套,16,https://xa.ke.com/xiaoqu/3820034516396176/,2026-02-20 12:30:37,12
政府小区,暂无数据,N/A,西咸新区（西安）  西咸  / 2006年,90天成交0套,0,https://xa.ke.com/xiaoqu/3820031118543662/,2026-02-20 12:30:37,12
枫溪美郡,17505,N/A,西咸新区（西安）  西咸  / 2016-2021年,90天成交0套,21,https://xa.ke.com/xiaoqu/38000000007316/,2026-02-20 12:30:37,12
崇文尚学一期,9357,N/A,西咸新区（西安）  西咸  / 2020-2021年,90天成交0套,21,https://xa.ke.com/xiaoqu/38000000006640/,2026-02-20 12:30:37,12
沣东i立方,10314,N/A,西咸新区（西安）  西咸  / 2019年,90天成交0套,1,https://xa.ke.com/xiaoqu/3820030292942725/,2026-02-20 12:30:37,12
莱茵·东郡,暂无数据,N/A,西咸新区（西安）  西咸  / 2010年,90天成交0套,0,https://xa.ke.com/xiaoqu/38000000005104/,2026-02-20 12:30:37,12
西城名苑,暂无数据,N/A,西咸新区（西安）  西咸  / 未知,90天成交0套,0,https://xa.ke.com/xiaoqu/3820031069250476/,2026-02-20 12:30:37,12
绿地新里格林公馆,7438,N/A,西咸新区（西安）  西咸  / 2019-2024年,90天成交10套,203,https://xa.ke.com/xiaoqu/3820035822365800/,2026-02-20 12:30:37,12
三桥大厦,暂无数据,N/A,西咸新区（西安）  西咸  / 2014-2020年,90天成交0套,0,https://xa.ke.com/xiaoqu/38000000006661/,2026-02-20 12:30:37,12
黄冈学府城,9001,N/A,西咸新区（西安）  西咸  / 2020-2025年,90天成交10套,276,https://xa.ke.com/xiaoqu/3820034576163709/,2026-02-20 12:30:37,12
三桥新街工商银行家属院,暂无数据,N/A,西咸新区（西安）  西咸  / 未知,90天成交0套,0,https://xa.ke.com/xiaoqu/38000000013149/,2026-02-20 12:30:37,12
中南菩悦东望城,6282,N/A,西咸新区（西安）  西咸  / 2021年,90天成交0套,172,https://xa.ke.com/xiaoqu/3820034600293947/,2026-02-20 12:30:37,12
沣毛小区,2550,N/A,西咸新区（西安）  西咸  / 未知,90天成交0套,1,https://xa.ke.com/xiaoqu/3820056241860577/,2026-02-20 12:30:37,12
海逸长洲A区,18129,N/A,西咸新区（西安）  西咸  / 2022-2024年,90天成交4套,132,https://xa.ke.com/xiaoqu/3820045260660228/,2026-02-20 12:30:37,12
德杰花满庭,12830,N/A,西咸新区（西安）  西咸  / 2019-2022年,90天成交0套,52,https://xa.ke.com/xiaoqu/38000000051202/,2026-02-20 12:30:37,12
原点国际建材家居广场,暂无数据,N/A,西咸新区（西安）  西咸  / 未知,90天成交0套,1,https://xa.ke.com/xiaoqu/38000000011666/,2026-02-20 12:30:37,12
OCT华侨城·创想中心,9366,N/A,西咸新区（西安）  西咸  / 2023年,90天成交0套,4,https://xa.ke.com/xiaoqu/38000000007717/,2026-02-20 12:30:37,12
绿城锦庐,11398,N/A,西咸新区（西安）  西咸  / 2024年,90天成交0套,13,https://xa.ke.com/xiaoqu/38000000083978/,2026-02-20 12:30:37,12
天海星-沣东数码工坊,暂无数据,N/A,西咸新区（西安）  西咸  / 2018年,90天成交0套,0,https://xa.ke.com/xiaoqu/38000000007064/,2026-02-20 12:30:37,12
烟厂小区,4432,N/A,西咸新区（西安）  西咸  / 未知,90天成交0套,0,https://xa.ke.com/xiaoqu/38000000073051/,2026-02-20 12:30:37,12
天福和园,暂无数据,N/A,西咸新区（西安）  西咸  / 未知,90天成交0套,0,https://xa.ke.com/xiaoqu/38000000066940/,2026-02-20 12:30:37,12
保利和光尘樾三期,暂无数据,N/A,西咸新区（西安）  西咸  / 2023年,90天成交0套,5,https://xa.ke.com/xiaoqu/38000000093593/,2026-02-20 12:30:37,12
万科未来时光,8397,N/A,西咸新区（西安）  西咸  / 2023-2024年,90天成交2套,38,https://xa.ke.com/xiaoqu/38000000089084/,2026-02-20 12:30:37,12
沣科花园冬荣苑,暂无数据,N/A,西咸新区（西安）  西咸  / 2023-2024年,90天成交0套,0,https://xa.ke.com/xiaoqu/38000000086478/,2026-02-20 12:30:37,12
国润城西区,10378,N/A,西咸新区（西安）  西咸  / 2013-2023年,90天成交9套,88,https://xa.ke.com/xiaoqu/38000000120425/,2026-02-20 12:30:37,12
中天智汇港,暂无数据,N/A,西咸新区（西安）  西咸  / 2025年,90天成交0套,0,https://xa.ke.com/xiaoqu/38000000121624/,2026-02-20 12:30:37,12
上林雅居,8065,N/A,西咸新区（西安）  西咸  / 2010-2020年,90天成交1套,71,https://xa.ke.com/xiaoqu/38000000071625/,2026-02-20 12:31:25,13
雍锦湾,9550,N/A,西咸新区（西安）  西咸  / 2022-2023年,90天成交3套,130,https://xa.ke.com/xiaoqu/38000000071732/,2026-02-20 12:31:25,13
沣西国际大厦,暂无数据,N/A,西咸新区（西安）  西咸  / 2020年,90天成交0套,14,https://xa.ke.com/xiaoqu/38000000071632/,2026-02-20 12:31:25,13
沣桥艺墅家小区,7262,N/A,西咸新区（西安）  西咸  / 2006-2009年,90天成交2套,24,https://xa.ke.com/xiaoqu/38000000071426/,2026-02-20 12:31:25,13
阳光城蔷薇溪谷C2,22558,N/A,西咸新区（西安）  西咸  / 2014-2019年,90天成交3套,133,https://xa.ke.com/xiaoqu/38000000071428/,2026-02-20 12:31:25,13
北槐春天,6449,N/A,西咸新区（西安）  西咸  / 2020年,90天成交0套,13,https://xa.ke.com/xiaoqu/38000000071521/,2026-02-20 12:31:25,13
林凯溢金湾,12194,N/A,西咸新区（西安）  西咸  / 2013-2024年,90天成交0套,112,https://xa.ke.com/xiaoqu/38000000071722/,2026-02-20 12:31:25,13
紫薇万科生活广场,9000,N/A,西咸新区（西安）  西咸  / 2022年,90天成交0套,15,https://xa.ke.com/xiaoqu/38000000071629/,2026-02-20 12:31:25,13
东望中心,暂无数据,N/A,西咸新区（西安）  西咸  / 2023年,90天成交5套,63,https://xa.ke.com/xiaoqu/38000000071443/,2026-02-20 12:31:25,13
新新佳园(西咸),6925,N/A,西咸新区（西安）  西咸  / 2009-2013年,90天成交1套,31,https://xa.ke.com/xiaoqu/38000000071723/,2026-02-20 12:31:25,13
梧桐中舍,15452,N/A,西咸新区（西安）  西咸  / 2020年,90天成交1套,23,https://xa.ke.com/xiaoqu/38000000036338/,2026-02-20 12:31:25,13
翰林艺境,9508,N/A,西咸新区（西安）  西咸  / 2023年,90天成交0套,77,https://xa.ke.com/xiaoqu/38000000071416/,2026-02-20 12:31:25,13
奥园璞樾ONE,16242,N/A,西咸新区（西安）  西咸  / 2022-2023年,90天成交0套,89,https://xa.ke.com/xiaoqu/38000000071718/,2026-02-20 12:31:25,13
中南漫悦湾,12992,N/A,西咸新区（西安）  西咸  / 2023年,90天成交1套,97,https://xa.ke.com/xiaoqu/38000000071423/,2026-02-20 12:31:25,13
保利时光印象,13088,N/A,西咸新区（西安）  西咸  / 2022年,90天成交1套,112,https://xa.ke.com/xiaoqu/38000000071420/,2026-02-20 12:31:25,13
绿地新里铂瑞公馆,18542,N/A,西咸新区（西安）  西咸  / 2023-2024年,90天成交21套,148,https://xa.ke.com/xiaoqu/38000000071739/,2026-02-20 12:31:25,13
佳美花园,4387,N/A,西咸新区（西安）  西咸  / 2005-2019年,90天成交0套,12,https://xa.ke.com/xiaoqu/38000000071419/,2026-02-20 12:31:25,13
华福国际,暂无数据,N/A,西咸新区（西安）  西咸  / 2022-2025年,90天成交0套,12,https://xa.ke.com/xiaoqu/38000000071417/,2026-02-20 12:31:25,13
云境澜湾,10032,N/A,西咸新区（西安）  西咸  / 2022-2023年,90天成交1套,25,https://xa.ke.com/xiaoqu/38000000071717/,2026-02-20 12:31:25,13
万科金域缇香,10532,N/A,西咸新区（西安）  西咸  / 2022-2023年,90天成交3套,89,https://xa.ke.com/xiaoqu/38000000071422/,2026-02-20 12:31:25,13
天海星-沣东数码工坊,暂无数据,N/A,西咸新区（西安）  西咸  / 2018年,90天成交0套,0,https://xa.ke.com/xiaoqu/38000000007064/,2026-02-20 12:31:25,13
中交长安里,14284,N/A,西咸新区（西安）  西咸  / 2024年,90天成交0套,41,https://xa.ke.com/xiaoqu/38000000078551/,2026-02-20 12:31:25,13
康定路998号,暂无数据,N/A,西咸新区（西安）  西咸  / 2023年,90天成交0套,0,https://xa.ke.com/xiaoqu/38000000075557/,2026-02-20 12:31:25,13
民善雅居,暂无数据,N/A,西咸新区（西安）  西咸  / 未知,90天成交0套,0,https://xa.ke.com/xiaoqu/3820035269543824/,2026-02-20 12:31:25,13
绿地新里里尔公馆,10373,N/A,西咸新区（西安）  西咸  / 2020-2024年,90天成交2套,42,https://xa.ke.com/xiaoqu/38000000073856/,2026-02-20 12:31:25,13
西派宸樾,暂无数据,N/A,西咸新区（西安）  西咸  / 2023-2024年,90天成交0套,21,https://xa.ke.com/xiaoqu/38000000086878/,2026-02-20 12:31:25,13
润馨怡园,暂无数据,N/A,西咸新区（西安）  西咸  / 未知,90天成交0套,0,https://xa.ke.com/xiaoqu/3820031160478385/,2026-02-20 12:31:25,13
绿城锦庐,11398,N/A,西咸新区（西安）  西咸  / 2024年,90天成交0套,13,https://xa.ke.com/xiaoqu/38000000083978/,2026-02-20 12:31:25,13
天福和园,暂无数据,N/A,西咸新区（西安）  西咸  / 未知,90天成交0套,0,https://xa.ke.com/xiaoqu/38000000066940/,2026-02-20 12:31:25,13
天兴大厦,暂无数据,N/A,西咸新区（西安）  西咸  / 未知,90天成交0套,0,https://xa.ke.com/xiaoqu/38000000071613/,2026-02-20 12:31:25,13
云境澜湾,10032,N/A,西咸新区（西安）  西咸  / 2022-2023年,90天成交1套,25,https://xa.ke.com/xiaoqu/38000000071717/,2026-02-20 12:31:39,14
先河瞰都,暂无数据,N/A,西咸新区（西安）  西咸  / 2021年,90天成交0套,10,https://xa.ke.com/xiaoqu/38000000008103/,2026-02-20 12:31:39,14
香榭汇沣,16005,N/A,西咸新区（西安）  西咸  / 2022-2023年,90天成交0套,20,https://xa.ke.com/xiaoqu/38000000007481/,2026-02-20 12:31:39,14
悦达电建玖玺台,10418,N/A,西咸新区（西安）  西咸  / 2024年,90天成交0套,4,https://xa.ke.com/xiaoqu/38000000079861/,2026-02-20 12:31:39,14
智冠环球商务中心,暂无数据,N/A,西咸新区（西安）  西咸  / 2018年,90天成交0套,0,https://xa.ke.com/xiaoqu/38000000002073/,2026-02-20 12:31:39,14
陕西化纤金旭小区,3928,N/A,西咸新区（西安）  西咸  / 1995年,90天成交0套,2,https://xa.ke.com/xiaoqu/38000000077660/,2026-02-20 12:31:39,14
蓝海湾,4800,N/A,西咸新区（西安）  西咸  / 2013-2020年,90天成交0套,0,https://xa.ke.com/xiaoqu/38000000018635/,2026-02-20 12:31:39,14
中铁港沣国际,暂无数据,N/A,西咸新区（西安）  西咸  / 2020年,90天成交0套,0,https://xa.ke.com/xiaoqu/38000000005102/,2026-02-20 12:31:39,14
天朗云熙,9852,N/A,西咸新区（西安）  西咸  / 2022-2023年,90天成交1套,55,https://xa.ke.com/xiaoqu/38000000072755/,2026-02-20 12:31:39,14
华北局三普东生活区,3769,N/A,西咸新区（西安）  西咸  / 2005-2010年,90天成交2套,7,https://xa.ke.com/xiaoqu/38000000073449/,2026-02-20 12:31:39,14
沣润和园,暂无数据,N/A,西咸新区（西安）  西咸  / 2007-2019年,90天成交0套,0,https://xa.ke.com/xiaoqu/38000000071525/,2026-02-20 12:31:39,14
崇文尚学二期,10074,N/A,西咸新区（西安）  西咸  / 2021年,90天成交0套,19,https://xa.ke.com/xiaoqu/38000000073652/,2026-02-20 12:31:39,14
玻璃厰小区,4232,N/A,西咸新区（西安）  西咸  / 未知,90天成交0套,6,https://xa.ke.com/xiaoqu/38000000074556/,2026-02-20 12:31:39,14
绿地国宝21城三期,7343,N/A,西咸新区（西安）  西咸  / 2022-2024年,90天成交2套,32,https://xa.ke.com/xiaoqu/38000000071730/,2026-02-20 12:31:39,14
龙湖天璞,11935,N/A,西咸新区（西安）  西咸  / 2022-2023年,90天成交2套,48,https://xa.ke.com/xiaoqu/38000000073756/,2026-02-20 12:31:39,14
中天峯悦,10195,N/A,西咸新区（西安）  西咸  / 2023-2024年,90天成交4套,57,https://xa.ke.com/xiaoqu/38000000071721/,2026-02-20 12:31:39,14
万象域,11957,N/A,西咸新区（西安）  西咸  / 2022年,90天成交0套,0,https://xa.ke.com/xiaoqu/38000000057295/,2026-02-20 12:31:39,14
国樾府,14901,N/A,西咸新区（西安）  西咸  / 2022-2024年,90天成交1套,30,https://xa.ke.com/xiaoqu/3820049997723540/,2026-02-20 12:31:39,14
七里镇第一小区,暂无数据,N/A,西咸新区（西安）  西咸  / 未知,90天成交0套,0,https://xa.ke.com/xiaoqu/38000000006057/,2026-02-20 12:31:39,14
万科·沣华锦鸣,13540,N/A,西咸新区（西安）  西咸  / 2020-2025年,90天成交0套,33,https://xa.ke.com/xiaoqu/38000000012007/,2026-02-20 12:31:39,14
中梁壹号院,11150,N/A,西咸新区（西安）  西咸  / 2019-2025年,90天成交1套,77,https://xa.ke.com/xiaoqu/38000000073253/,2026-02-20 12:31:39,14
恒大文化旅游城,7639,N/A,西咸新区（西安）  西咸  / 2004-2024年,90天成交44套,1068,https://xa.ke.com/xiaoqu/38000000072948/,2026-02-20 12:31:39,14
先河之星,暂无数据,N/A,西咸新区（西安）  西咸  / 2016年,90天成交0套,2,https://xa.ke.com/xiaoqu/38000000071414/,2026-02-20 12:31:39,14
星皓锦樾,14801,N/A,西咸新区（西安）  西咸  / 2022年,90天成交1套,32,https://xa.ke.com/xiaoqu/38000000073457/,2026-02-20 12:31:39,14
沣西逸园,19290,N/A,西咸新区（西安）  西咸  / 2020-2023年,90天成交2套,48,https://xa.ke.com/xiaoqu/38000000073456/,2026-02-20 12:31:39,14
中天智汇港,暂无数据,N/A,西咸新区（西安）  西咸  / 2025年,90天成交0套,0,https://xa.ke.com/xiaoqu/38000000121624/,2026-02-20 12:31:39,14
理想欣港湾,15394,N/A,西咸新区（西安）  西咸  / 2025年,90天成交0套,10,https://xa.ke.com/xiaoqu/38000000093490/,2026-02-20 12:31:39,14
文定天下,4862,N/A,西咸新区（西安）  西咸  / 未知,90天成交0套,0,https://xa.ke.com/xiaoqu/38000000003231/,2026-02-20 12:31:39,14
北宸天樾,8100,N/A,西咸新区（西安）  西咸  / 2024年,90天成交0套,8,https://xa.ke.com/xiaoqu/38000000104700/,2026-02-20 12:31:39,14
佳龙中心,暂无数据,N/A,西咸新区（西安）  西咸  / 未知,90天成交0套,0,https://xa.ke.com/xiaoqu/38000000116013/,2026-02-20 12:31:52,15
紫薇毓秀府,12564,N/A,西咸新区（西安）  西咸  / 2024年,90天成交0套,14,https://xa.ke.com/xiaoqu/38000000106703/,2026-02-20 12:31:52,15
未央二院家属院,4567,N/A,西咸新区（西安）  西咸  / 未知,90天成交0套,0,https://xa.ke.com/xiaoqu/38000000014243/,2026-02-20 12:31:52,15
空港花园,3876,N/A,西咸新区（西安）  西咸  / 2015年,90天成交0套,0,https://xa.ke.com/xiaoqu/3820055078853686/,2026-02-20 12:31:52,15
国润城西区,10378,N/A,西咸新区（西安）  西咸  / 2013-2023年,90天成交9套,88,https://xa.ke.com/xiaoqu/38000000120425/,2026-02-20 12:31:52,15
沁园春天,8571,N/A,西咸新区（西安）  西咸  / 未知,90天成交0套,0,https://xa.ke.com/xiaoqu/3820045163120232/,2026-02-20 12:31:52,15
中梁鎏金云玺,17653,N/A,西咸新区（西安）  西咸  / 2019-2025年,90天成交1套,102,https://xa.ke.com/xiaoqu/38000000108604/,2026-02-20 12:31:52,15
崇文朗樾,9802,N/A,西咸新区（西安）  西咸  / 2022-2025年,90天成交0套,8,https://xa.ke.com/xiaoqu/38000000117921/,2026-02-20 12:31:52,15
长安首府,21374,N/A,西咸新区（西安）  西咸  / 2024年,90天成交0套,6,https://xa.ke.com/xiaoqu/38000000034639/,2026-02-20 12:31:52,15
文定天下,4862,N/A,西咸新区（西安）  西咸  / 未知,90天成交0套,0,https://xa.ke.com/xiaoqu/38000000003231/,2026-02-20 12:31:52,15
招商雍澜湾,12815,N/A,西咸新区（西安）  西咸  / 2021-2025年,90天成交1套,26,https://xa.ke.com/xiaoqu/38000000101194/,2026-02-20 12:31:52,15
金湾沣河十里,16963,N/A,西咸新区（西安）  西咸  / 2025-2026年,90天成交0套,50,https://xa.ke.com/xiaoqu/38000000071755/,2026-02-20 12:31:52,15
沣科花园夏怡苑,暂无数据,N/A,西咸新区（西安）  西咸  / 2021-2024年,90天成交0套,0,https://xa.ke.com/xiaoqu/38000000086476/,2026-02-20 12:31:52,15
渭水园,5434,N/A,西咸新区（西安）  西咸  / 2010-2024年,90天成交0套,3,https://xa.ke.com/xiaoqu/38000000072057/,2026-02-20 12:31:52,15
地建嘉信臻城,9076,N/A,西咸新区（西安）  西咸  / 2025年,90天成交0套,5,https://xa.ke.com/xiaoqu/3820084177913430/,2026-02-20 12:31:52,15
沣华九里,11508,N/A,西咸新区（西安）  西咸  / 2024-2025年,90天成交0套,19,https://xa.ke.com/xiaoqu/38000000113907/,2026-02-20 12:31:52,15
中天智汇港,暂无数据,N/A,西咸新区（西安）  西咸  / 2025年,90天成交0套,0,https://xa.ke.com/xiaoqu/38000000121624/,2026-02-20 12:31:52,15
中国铁建·西派澜廷,15806,N/A,西咸新区（西安）  西咸  / 2015-2025年,90天成交0套,31,https://xa.ke.com/xiaoqu/3820086469099647/,2026-02-20 12:31:52,15
沣太花园四期,5718,N/A,西咸新区（西安）  西咸  / 2025年,90天成交0套,0,https://xa.ke.com/xiaoqu/38000000116322/,2026-02-20 12:31:52,15
水岸朝阳,6173,N/A,西咸新区（西安）  西咸  / 未知,90天成交0套,0,https://xa.ke.com/xiaoqu/38000000077356/,2026-02-20 12:31:52,15
奥园誉景湾,6992,N/A,西咸新区（西安）  西咸  / 2022-2025年,90天成交0套,9,https://xa.ke.com/xiaoqu/38000000120320/,2026-02-20 12:31:52,15
中天未来玥,6864,N/A,西咸新区（西安）  西咸  / 2025年,90天成交0套,0,https://xa.ke.com/xiaoqu/38000000140655/,2026-02-20 12:31:52,15
龙泉·时代新城,5447,N/A,西咸新区（西安）  西咸  / 2015-2022年,90天成交0套,1,https://xa.ke.com/xiaoqu/38000000120220/,2026-02-20 12:31:52,15
文定九合,8918,N/A,西咸新区（西安）  西咸  / 未知,90天成交0套,0,https://xa.ke.com/xiaoqu/38000000127547/,2026-02-20 12:31:52,15
白桦林悦湖,8443,N/A,西咸新区（西安）  西咸  / 2024年,90天成交0套,0,https://xa.ke.com/xiaoqu/38000000127647/,2026-02-20 12:31:52,15
理想欣港湾,15394,N/A,西咸新区（西安）  西咸  / 2025年,90天成交0套,10,https://xa.ke.com/xiaoqu/38000000093490/,2026-02-20 12:31:52,15
滨江翡翠城,7815,N/A,西咸新区（西安）  西咸  / 2020-2025年,90天成交20套,592,https://xa.ke.com/xiaoqu/3820034449156473/,2026-02-20 12:31:52,15
西咸城投新华阙,9871,N/A,西咸新区（西安）  西咸  / 2022-2023年,90天成交0套,91,https://xa.ke.com/xiaoqu/38000000071727/,2026-02-20 12:31:52,15
西安金辉城,6903,N/A,西咸新区（西安）  西咸  / 2020-2023年,90天成交9套,449,https://xa.ke.com/xiaoqu/3820036665551596/,2026-02-20 12:31:52,15
原点新城精品陶瓷城,暂无数据,N/A,西咸新区（西安）  高陵  / 未知,90天成交0套,0,https://xa.ke.com/xiaoqu/38000000006630/,2026-02-20 12:31:52,15
原点新城精品陶瓷城,暂无数据,N/A,西咸新区（西安）  高陵  / 未知,90天成交0套,0,https://xa.ke.com/xiaoqu/38000000006630/,2026-02-20 12:32:35,16
绿地新里城兰亭公馆,12828,N/A,西咸新区（西安）  高新软件城  / 2023-2024年,90天成交13套,191,https://xa.ke.com/xiaoqu/3820026669788064/,2026-02-20 12:32:35,16
绿地独角兽,暂无数据,N/A,西咸新区（西安）  高新软件城  / 未知,90天成交0套,0,https://xa.ke.com/xiaoqu/3820044799026011/,2026-02-20 12:32:35,16
